experiment,method,throughput_tps,throughput_std,speedup,ttft_ms,ttft_std,tpot_ms,tpot_std,acceptance_rate,acceptance_std,avg_path_length,path_length_std,total_rounds,tokens_per_round,peak_memory_mb
sensitivity,Baseline (AR),99.20444140171597,22.33713875874986,1.0,25.766596663743258,9.711769826618632,10.56667939275503,2.38278660138039,0.0,0.0,0.0,0.0,500,1.0,5798.40234375
sensitivity_thresh_0.7_0.2,Phase 3: + History Adjust,169.87114154151763,26.39345574156608,1.0,12.900983542203903,2.3240110928733206,5.990977140143514,0.8522295528957843,0.7836950771893101,0.16374785849609608,5.48586554032517,1.1462350094726725,94,5.319148936170213,5887.6884765625
sensitivity_thresh_0.8_0.3,Phase 3: + History Adjust,173.5313868513394,31.471460132445138,1.0,12.72821081802249,2.252861228949756,5.931405805796385,1.1176810882789097,0.7729047793302842,0.1781395903997791,5.4103334553119895,1.246977132798454,97,5.154639175257732,5887.59716796875
sensitivity_thresh_0.9_0.4,Phase 3: + History Adjust,180.48723041989507,29.556719956588328,1.0,12.766583915799856,2.18427308663498,5.665917551703751,0.9418583908895651,0.8110353306986207,0.1683398743163267,5.677247314890345,1.178379120214287,91,5.4945054945054945,5891.28955078125
sensitivity_branch_1_2,Phase 3: + History Adjust,178.33663767472433,29.167788235168306,1.0,12.667510937899351,2.25856587729158,5.729804272018373,0.9324478674965845,0.7857402683010246,0.16723057821872878,5.500181878107173,1.1706140475311018,94,5.319148936170213,5889.7744140625
sensitivity_branch_1_3,Phase 3: + History Adjust,178.98298261448457,27.33175513719771,1.0,12.832061760127544,2.3143362929520843,5.68632063344121,0.832276914027622,0.7965971941747274,0.16525856788923732,5.576180359223091,1.1568099752246614,93,5.376344086021505,5891.49072265625
sensitivity_branch_1_4,Phase 3: + History Adjust,174.8449849662548,31.2595411530793,1.0,12.728088814765215,2.237510587008082,5.8785393964499235,1.0749512767351874,0.7729047793302842,0.1781395903997791,5.4103334553119895,1.246977132798454,97,5.154639175257732,5887.59716796875
sensitivity_branch_2_4,Phase 3: + History Adjust,145.9111277495795,40.05302661052739,1.0,14.86563142389059,4.2734903545695415,7.2862808192148805,1.7418075963644817,0.7715537320803554,0.1661776392087245,5.400876124562489,1.1632434744610716,96,5.208333333333333,5894.130859375
