{
  "benchmark_info": {
    "target_model": "/mnt/disk1/models/pythia-2.8b",
    "draft_model": "/mnt/disk1/models/pythia-70m",
    "dataset": "WikiText-2 (ModelScope)",
    "max_new_tokens": 1000,
    "num_samples": 10,
    "warmup_runs": 2
  },
  "results": [
    {
      "method": "Baseline (AR)",
      "config": {},
      "ttft_ms": 18.84631123393774,
      "tpot_ms": 7.6171979703009125,
      "total_latency_ms": 7636.044281534851,
      "throughput_tps": 130.9612129347788,
      "total_tokens_generated": 1000,
      "prompt_tokens": 0,
      "total_draft_tokens": 0,
      "total_accepted_tokens": 0,
      "acceptance_rate": 0.0,
      "tokens_per_round": 0.0,
      "total_rounds": 0,
      "avg_path_length": 0.0,
      "max_path_length": 0,
      "prefill_flops": 1397374320640,
      "decode_flops": 2645524480000,
      "total_flops": 4042898800640,
      "flops_per_token": 2645524480.0,
      "peak_memory_mb": 5962.9013671875,
      "speedup": 1.0
    },
    {
      "method": "Tree V2 (D=4, B=2, t=0.05)",
      "config": {
        "tree_depth": 4,
        "branch_factor": 2,
        "probability_threshold": 0.05
      },
      "ttft_ms": 12.93577654287219,
      "tpot_ms": 5.595692590996623,
      "total_latency_ms": 0.0,
      "throughput_tps": 179.41595023257068,
      "total_tokens_generated": 1000,
      "prompt_tokens": 0,
      "total_draft_tokens": 0,
      "total_accepted_tokens": 0,
      "acceptance_rate": 1.032315285470704,
      "tokens_per_round": 0.0,
      "total_rounds": 194,
      "avg_path_length": 5.161576427353519,
      "max_path_length": 0,
      "prefill_flops": 1397374320640,
      "decode_flops": 16208186101760,
      "total_flops": 17605560422400,
      "flops_per_token": 16208186101.76,
      "peak_memory_mb": 5998.94873046875,
      "speedup": 1.36999304001501
    },
    {
      "method": "Tree V2 (D=4, B=2, t=0.03)",
      "config": {
        "tree_depth": 4,
        "branch_factor": 2,
        "probability_threshold": 0.03
      },
      "ttft_ms": 13.093326520174742,
      "tpot_ms": 5.59603731315583,
      "total_latency_ms": 0.0,
      "throughput_tps": 179.84952789694574,
      "total_tokens_generated": 1000,
      "prompt_tokens": 0,
      "total_draft_tokens": 0,
      "total_accepted_tokens": 0,
      "acceptance_rate": 1.027423877810806,
      "tokens_per_round": 0.0,
      "total_rounds": 196,
      "avg_path_length": 5.13711938905403,
      "max_path_length": 0,
      "prefill_flops": 1397374320640,
      "decode_flops": 16375280803840,
      "total_flops": 17772655124480,
      "flops_per_token": 16375280803.84,
      "peak_memory_mb": 6000.140625,
      "speedup": 1.3733037734349196
    },
    {
      "method": "Tree V2 (D=5, B=2, t=0.05)",
      "config": {
        "tree_depth": 5,
        "branch_factor": 2,
        "probability_threshold": 0.05
      },
      "ttft_ms": 13.011243846267462,
      "tpot_ms": 5.266844698507339,
      "total_latency_ms": 0.0,
      "throughput_tps": 190.3986653976077,
      "total_tokens_generated": 1000,
      "prompt_tokens": 0,
      "total_draft_tokens": 0,
      "total_accepted_tokens": 0,
      "acceptance_rate": 0.9423133976186164,
      "tokens_per_round": 0.0,
      "total_rounds": 177,
      "avg_path_length": 5.653880385711699,
      "max_path_length": 0,
      "prefill_flops": 1397374320640,
      "decode_flops": 30111254046720,
      "total_flops": 31508628367360,
      "flops_per_token": 30111254046.72,
      "peak_memory_mb": 6000.26318359375,
      "speedup": 1.4538553906982357
    },
    {
      "method": "Tree V2 (D=7, B=2, t=0.05)",
      "config": {
        "tree_depth": 7,
        "branch_factor": 2,
        "probability_threshold": 0.05
      },
      "ttft_ms": 13.000085856765509,
      "tpot_ms": 4.879177920985967,
      "total_latency_ms": 0.0,
      "throughput_tps": 205.56094118974698,
      "total_tokens_generated": 1000,
      "prompt_tokens": 0,
      "total_draft_tokens": 0,
      "total_accepted_tokens": 0,
      "acceptance_rate": 0.8410766674788631,
      "tokens_per_round": 0.0,
      "total_rounds": 149,
      "avg_path_length": 6.728613339830905,
      "max_path_length": 0,
      "prefill_flops": 1397374320640,
      "decode_flops": 103793829120000,
      "total_flops": 105191203440640,
      "flops_per_token": 103793829120.0,
      "peak_memory_mb": 5999.8251953125,
      "speedup": 1.5696322337219055
    },
    {
      "method": "Tree V2 (D=6, B=2, t=0.05)",
      "config": {
        "tree_depth": 6,
        "branch_factor": 2,
        "probability_threshold": 0.05
      },
      "ttft_ms": 13.016559462994337,
      "tpot_ms": 5.066428513266146,
      "total_latency_ms": 0.0,
      "throughput_tps": 198.0297374309593,
      "total_tokens_generated": 1000,
      "prompt_tokens": 0,
      "total_draft_tokens": 0,
      "total_accepted_tokens": 0,
      "acceptance_rate": 0.8797770280039723,
      "tokens_per_round": 0.0,
      "total_rounds": 163,
      "avg_path_length": 6.158439196027807,
      "max_path_length": 0,
      "prefill_flops": 1397374320640,
      "decode_flops": 56116363540480,
      "total_flops": 57513737861120,
      "flops_per_token": 56116363540.48,
      "peak_memory_mb": 5999.5341796875,
      "speedup": 1.5121251017244464
    },
    {
      "method": "HF Assisted",
      "config": {
        "num_assistant_tokens": 5
      },
      "ttft_ms": 13.411024864763021,
      "tpot_ms": 4.853143895044923,
      "total_latency_ms": 0.0,
      "throughput_tps": 222.47167895335966,
      "total_tokens_generated": 1000,
      "prompt_tokens": 0,
      "total_draft_tokens": 0,
      "total_accepted_tokens": 0,
      "acceptance_rate": 0.0,
      "tokens_per_round": 0.0,
      "total_rounds": 0,
      "avg_path_length": 0.0,
      "max_path_length": 0,
      "prefill_flops": 0.0,
      "decode_flops": 0.0,
      "total_flops": 0.0,
      "flops_per_token": 0.0,
      "peak_memory_mb": 5897.78759765625,
      "speedup": 1.698760067716804
    },
    {
      "method": "Linear K=4",
      "config": {
        "K": 4
      },
      "ttft_ms": 12.82728761434555,
      "tpot_ms": 6.221253553126007,
      "total_latency_ms": 0.0,
      "throughput_tps": 161.9824933472616,
      "total_tokens_generated": 1000,
      "prompt_tokens": 0,
      "total_draft_tokens": 0,
      "total_accepted_tokens": 0,
      "acceptance_rate": 1.0488139622583754,
      "tokens_per_round": 4.195255849033502,
      "total_rounds": 240,
      "avg_path_length": 0.0,
      "max_path_length": 0,
      "prefill_flops": 1397374320640,
      "decode_flops": 3218266521600,
      "total_flops": 4615640842240,
      "flops_per_token": 3218266521.6,
      "peak_memory_mb": 6000.572265625,
      "speedup": 1.23687380192433
    },
    {
      "method": "Linear K=5",
      "config": {
        "K": 5
      },
      "ttft_ms": 13.571336772292852,
      "tpot_ms": 6.334869529120624,
      "total_latency_ms": 0.0,
      "throughput_tps": 160.31229620770813,
      "total_tokens_generated": 1000,
      "prompt_tokens": 0,
      "total_draft_tokens": 0,
      "total_accepted_tokens": 0,
      "acceptance_rate": 0.9349102145987451,
      "tokens_per_round": 4.674551072993726,
      "total_rounds": 217,
      "avg_path_length": 0.0,
      "max_path_length": 0,
      "prefill_flops": 1397374320640,
      "decode_flops": 3493969704960,
      "total_flops": 4891344025600,
      "flops_per_token": 3493969704.96,
      "peak_memory_mb": 5999.00048828125,
      "speedup": 1.2241204293636676
    },
    {
      "method": "Linear K=6",
      "config": {
        "K": 6
      },
      "ttft_ms": 12.79736626893282,
      "tpot_ms": 5.548029716126621,
      "total_latency_ms": 0.0,
      "throughput_tps": 184.3906581862094,
      "total_tokens_generated": 1000,
      "prompt_tokens": 0,
      "total_draft_tokens": 0,
      "total_accepted_tokens": 0,
      "acceptance_rate": 0.9057866925654132,
      "tokens_per_round": 5.434720155392481,
      "total_rounds": 188,