experiment,method,throughput_tps,throughput_std,speedup,ttft_ms,ttft_std,tpot_ms,tpot_std,acceptance_rate,acceptance_std,avg_path_length,path_length_std,total_rounds,tokens_per_round,peak_memory_mb
main,Baseline (AR),117.23359369704747,10.986423314219874,1.0,27.87796836346388,20.137678068775482,8.566276891902088,0.984012925980583,0.0,0.0,0.0,0.0,500,1.0,5798.40234375
main,"Fixed Tree (D=5, B=2)",149.148288362973,14.654466705920647,1.272231650156514,13.586656004190445,2.510544677636646,6.74306301176548,0.6674389605312457,0.7380099288546942,0.10046624776312355,5.166069501982859,0.703263734341865,98,5.1020408163265305,5890.0791015625
main,Phase 1: Adaptive Branch,155.25617614311645,30.282343665329982,1.3243317998450694,14.792500715702772,7.233143698418641,6.668488374352455,1.3469125978992322,0.6947618453956579,0.14001620121178657,4.863332917769606,0.9801134084825059,107,4.672897196261682,5891.0986328125
main,Phase 2: + Dynamic Depth,175.27650316550236,28.566492949906646,1.4951047531516277,12.580566108226776,2.2784727128014426,5.8229849575087425,0.900617544643725,0.7676151258320159,0.17541546194372049,5.373305880824112,1.2279082336060436,97,5.154639175257732,5889.38037109375
main,Phase 3: + History Adjust,160.87262500098353,44.954512886208484,1.3722399862338701,15.098866261541843,5.3595337626043715,6.758166163042188,2.113527235398645,0.7984234850821396,0.17328229311883997,5.588964395574976,1.21297605183188,93,5.376344086021505,5891.10693359375
