experiment,method,throughput_tps,throughput_std,speedup,ttft_ms,ttft_std,tpot_ms,tpot_std,acceptance_rate,acceptance_std,avg_path_length,path_length_std,total_rounds,tokens_per_round,peak_memory_mb
main,Baseline (AR),135.63618225458907,0.8192903846771623,1.0,18.76451186835766,5.997695044002967,7.354168565012515,0.039455489804600626,0.0,0.0,0.0,0.0,1000,1.0,5962.412109375
main,Linear Spec (K=5),156.59136627863603,20.17032981338707,1.1544955311755538,14.652002789080143,5.747106045960723,6.484764409530908,0.8843266406726608,0.934910214598745,0.11646185553519339,4.674551072993726,0.582309277675967,217,4.608294930875576,6104.31689453125
main,"Fixed Tree (D=5, B=2)",191.90082552333655,13.987563140787524,1.4148203107275517,12.57220283150673,2.717424417272698,5.22529795980081,0.37036104894664085,0.8076971979588142,0.05889819747798692,5.6538803857117,0.41228738234590856,177,5.649717514124294,6106.43017578125
main,Phase 1: Adaptive Branch,184.4130491615701,27.287886376636287,1.3596154513950183,14.417675882577896,6.8413786478121965,5.530281084682793,0.8335786349649658,0.7791429467396951,0.11823282500162614,5.454000627177867,0.8276297750113829,187,5.347593582887701,6106.26171875
main,Phase 2: + Dynamic Depth,199.1008559550283,46.98830607377982,1.4679037159960464,13.226006459444761,3.925839345893809,5.411522913351655,1.7396204473686736,0.8962979901828119,0.17077073147934815,6.274085931279684,1.1953951203554372,165,6.0606060606060606,6106.79638671875
main,Phase 3: + History Adjust,198.68875631077182,42.23545746451604,1.464865443778365,13.819213956594467,3.605799807231659,5.304167664237321,1.387214426342234,0.9474552646622753,0.14286998615733207,6.632186852635928,1.0000899031013246,154,6.4935064935064934,6105.3818359375
