experiment,method,throughput_tps,throughput_std,speedup,ttft_ms,ttft_std,tpot_ms,tpot_std,acceptance_rate,acceptance_std,avg_path_length,path_length_std,total_rounds,tokens_per_round,peak_memory_mb
main,Baseline (AR),131.13505755653242,0.44626336159037006,1.0,18.947844952344894,6.070507394091663,7.6068663851358,0.023089715318461945,0.0,0.0,0.0,0.0,1000,1.0,5962.412109375
main,"Fixed Tree (D=5, B=2)",181.29244973296994,12.344041734132587,1.3824865227577654,12.709329836070538,2.6808935129976184,5.529039059393108,0.3807116517192507,0.8076971979588142,0.05889819747798692,5.6538803857117,0.41228738234590856,177,5.649717514124294,6108.4208984375
main,Phase 1: Adaptive Branch,176.73521691768747,36.1972385377645,1.3477343146129843,13.876775838434696,5.375256298549119,5.97954192198813,1.711053830254136,0.7791429467396951,0.11823282500162614,5.454000627177867,0.8276297750113829,187,5.347593582887701,6106.54296875
main,Phase 2: + Dynamic Depth,205.95522966133657,29.811837762333408,1.570558121519481,12.534100096672773,2.679924684627571,4.9530562933534386,0.7738402549714861,0.8962979901828119,0.17077073147934815,6.274085931279684,1.1953951203554372,165,6.0606060606060606,6107.61669921875
main,Phase 3: + History Adjust,210.76164846142237,26.494227559155185,1.6072105536733599,12.58653374388814,2.678115443258327,4.810452972911298,0.6304184624154022,0.9474552646622753,0.14286998615733207,6.632186852635928,1.0000899031013246,154,6.4935064935064934,6105.08447265625
