experiment,method,throughput_tps,throughput_std,speedup,ttft_ms,ttft_std,tpot_ms,tpot_std,acceptance_rate,acceptance_std,avg_path_length,path_length_std,total_rounds,tokens_per_round,peak_memory_mb
main,Baseline (AR),135.2375141611869,0.6299171623711762,1.0,23.208756186068058,14.78589068921009,7.3790860505774605,0.03190819345591808,0.0,0.0,0.0,0.0,1500,1.0,6110.0478515625
main,Linear Spec (K=5),163.1690421963117,26.044632862771792,1.2065368341644742,15.7317073084414,4.796846414601438,6.28480315450579,1.0578496229297782,0.9766699358505975,0.09608676547124308,4.883349679252987,0.48043382735621554,310,4.838709677419355,6313.806640625
main,"Fixed Tree (D=5, B=2)",188.6166610260091,16.720602757869884,1.3947066551460021,14.900951739400625,3.856088520590661,5.337069955840707,0.5140529496749828,0.825941627645741,0.07393047962268853,5.781591393520188,0.5175133573588199,261,5.747126436781609,6312.76025390625
main,Phase 1: Adaptive Branch,187.3465259933694,25.362692416104295,1.3853147712407283,14.930849056690931,3.9907994901757715,5.429615696830054,0.7578151997720037,0.8192875510054638,0.10373545549717485,5.735012857038248,0.7261481884802239,265,5.660377358490566,6312.9453125
main,Phase 2: + Dynamic Depth,213.6664197671079,25.996793525478527,1.579934540296586,14.772528875619173,4.132304599502456,4.742545115326842,0.5961562742706477,0.9657002675557885,0.15608540089384387,6.759901872890519,1.0925978062569073,228,6.578947368421052,6310.35302734375
main,Phase 3: + History Adjust,218.07904061606686,21.612232552886287,1.6125632149385916,19.352271035313606,16.249276488461675,4.617433133286734,0.45567818855552805,1.0217663066942029,0.11998937420487714,7.152364146859421,0.8399256194341401,212,7.0754716981132075,6316.0927734375
