method,throughput_tps,throughput_std,speedup,ttft_ms,ttft_std,tpot_ms,tpot_std,acceptance_rate,acceptance_std,avg_path_length,path_length_std,total_rounds,tokens_per_round,peak_memory_mb
Baseline (AR),114.81553740205774,20.644051432100753,1.0,21.837416104972363,8.67253458428212,8.997753640202184,1.6876710711393201,0.0,0.0,0.0,0.0,1500,1.0,6156.48779296875
Linear Spec (K=5),144.94402892544286,28.6118033128097,1.262407790836549,11.101285833865404,3.2933226712138985,7.169815381305914,1.4153448336693792,0.9254223143374996,0.11310201727273851,4.627111571687498,0.5655100863636925,329,4.5592705167173255,6363.02099609375
"Tree Spec Decode (D=8, B=3, T=0.1)",185.54339232044788,33.15242449605248,1.6160129240236656,9.685990028083324,0.40772660277232786,5.5484315748016035,0.9491141685887334,0.6428159568500844,0.1353271431925777,6.428159568500843,1.353271431925777,242,6.198347107438017,6354.55322265625
Adaptive Tree (Phase 3),194.94143275619095,35.610289118226035,1.6978663094486128,9.584943298250437,0.5724522543528763,5.303401801797252,1.0202851505689463,0.9221376903197391,0.20296040302664126,6.454963832238174,1.4207228211864886,243,6.172839506172839,6355.017578125
