{
  "experiment_info": {
    "study": "adaptive_tree_speculative_decoding_pg19",
    "target_model": "/mnt/disk1/models/pythia-2.8b",
    "draft_model": "/mnt/disk1/models/pythia-70m",
    "dataset": "PG-19 (parquet)",
    "pg19_path": "/mnt/disk1/ljm/LLM-Efficient-Reasoning/data/pg19.parquet",
    "num_samples": 10,
    "warmup_runs": 2,
    "max_prompt_length": 1000
  },
  "all_results": [
    {
      "method": "Baseline (AR)",
      "config": {
        "max_new_tokens": 1000
      },
      "throughput_tps": 131.3616306382747,
      "speedup": 1.0,
      "ttft_ms": 19.041522778570652,
      "ttft_std": 5.429554993024198,
      "tpot_ms": 7.59379779137671,
      "tpot_std": 0.04064636057597234,
      "total_time_ms": 7612.839314155281,
      "total_tokens_generated": 1000,
      "tokens_per_round": 1.0,
      "acceptance_rate": 0.0,
      "avg_path_length": 0.0,
      "total_rounds": 1000,
      "high_conf_ratio": 0.0,
      "early_stops": 0,
      "deep_expansions": 0,
      "total_adjustments": 0,
      "peak_memory_mb": 6001.25634765625,
      "throughput_std": 0.7805231416056635,
      "acceptance_std": 0.0,
      "path_length_std": 0.0
    },
    {
      "method": "Linear Spec (K=5)",
      "config": {
        "max_new_tokens": 1000,
        "K": 5
      },
      "throughput_tps": 153.326684235444,
      "speedup": 1.1672105735171145,
      "ttft_ms": 9.762580785900354,
      "ttft_std": 0.8351915344714858,
      "tpot_ms": 6.642050802987069,
      "tpot_std": 0.9957270330167007,
      "total_time_ms": 0.0,
      "total_tokens_generated": 1000,
      "tokens_per_round": 4.366812227074236,
      "acceptance_rate": 0.8888149619668841,
      "avg_path_length": 4.4440748098344205,
      "total_rounds": 229,
      "high_conf_ratio": 0.0,
      "early_stops": 0,
      "deep_expansions": 0,
      "total_adjustments": 0,
      "peak_memory_mb": 6148.75341796875,
      "throughput_std": 20.260160709850812,
      "acceptance_std": 0.11146874122296135,
      "path_length_std": 0.557343706114807
    },
    {
      "method": "Tree Spec Decode (D=5, B=2)",
      "config": {
        "max_new_tokens": 1000,
        "tree_depth": 5,
        "branch_factor": 2,
        "max_tree_nodes": 256
      },
      "throughput_tps": 179.099718876849,
      "speedup": 1.363409680639766,
      "ttft_ms": 9.362253081053495,
      "ttft_std": 0.7656641751357807,
      "tpot_ms": 5.685368251055479,
      "tpot_std": 0.7889601770284422,
      "total_time_ms": 0.0,
      "total_tokens_generated": 1000,
      "tokens_per_round": 5.46448087431694,
      "acceptance_rate": 0.7890498940709004,
      "avg_path_length": 5.523349258496302,
      "total_rounds": 183,
      "high_conf_ratio": 0.0,
      "early_stops": 0,
      "deep_expansions": 0,
      "total_adjustments": 0,
      "peak_memory_mb": 6151.0126953125,
      "throughput_std": 25.47386388433989,
      "acceptance_std": 0.09269027554575753,
      "path_length_std": 0.6488319288203027
    },
    {
      "method": "Adaptive Tree (Phase 3)",
      "config": {
        "max_new_tokens": 1000,
        "base_depth": 5,
        "max_depth": 9,
        "high_conf_threshold": 0.9,
        "low_conf_threshold": 0.4,
        "min_branch": 1,
        "max_branch": 3
      },
      "throughput_tps": 176.49323162769656,
      "speedup": 1.343567606234266,
      "ttft_ms": 9.228189941495657,
      "ttft_std": 0.6263345872385545,
      "tpot_ms": 5.869377675931901,
      "tpot_std": 1.1279199584536428,
      "total_time_ms": 0.0,
      "total_tokens_generated": 1000,
      "tokens_per_round": 5.405405405405405,
      "acceptance_rate": 0.8138387499401848,
      "avg_path_length": 5.696871249581294,
      "total_rounds": 185,
      "high_conf_ratio": 0.6671971482550362,
      "early_stops": 561,
      "deep_expansions": 139,
      "total_adjustments": 8,
      "peak_memory_mb": 6145.8134765625,
      "throughput_std": 34.84736427318588,
      "acceptance_std": 0.21087155659596662,
      "path_length_std": 1.4761008961717665
    }
  ],
  "timestamp": "2026-01-05T08:23:19.859293"
}