method,throughput_tps,throughput_std,speedup,ttft_ms,ttft_std,tpot_ms,tpot_std,acceptance_rate,acceptance_std,avg_path_length,path_length_std,total_rounds,tokens_per_round,peak_memory_mb
Baseline (AR),131.3616306382747,0.7805231416056635,1.0,19.041522778570652,5.429554993024198,7.59379779137671,0.04064636057597234,0.0,0.0,0.0,0.0,1000,1.0,6001.25634765625
Linear Spec (K=5),153.326684235444,20.260160709850812,1.1672105735171145,9.762580785900354,0.8351915344714858,6.642050802987069,0.9957270330167007,0.8888149619668841,0.11146874122296135,4.4440748098344205,0.557343706114807,229,4.366812227074236,6148.75341796875
"Tree Spec Decode (D=5, B=2)",179.099718876849,25.47386388433989,1.363409680639766,9.362253081053495,0.7656641751357807,5.685368251055479,0.7889601770284422,0.7890498940709004,0.09269027554575753,5.523349258496302,0.6488319288203027,183,5.46448087431694,6151.0126953125
Adaptive Tree (Phase 3),176.49323162769656,34.84736427318588,1.343567606234266,9.228189941495657,0.6263345872385545,5.869377675931901,1.1279199584536428,0.8138387499401848,0.21087155659596662,5.696871249581294,1.4761008961717665,185,5.405405405405405,6145.8134765625
