{
  "experiment_info": {
    "study": "adaptive_tree_speculative_decoding_pg19",
    "target_model": "/mnt/disk1/models/pythia-2.8b",
    "draft_model": "/mnt/disk1/models/pythia-70m",
    "dataset": "PG-19 (parquet)",
    "pg19_path": "/mnt/disk1/ljm/LLM-Efficient-Reasoning/data/pg19.parquet",
    "num_samples": 10,
    "warmup_runs": 2,
    "max_prompt_length": 1000
  },
  "all_results": [
    {
      "method": "Baseline (AR)",
      "config": {
        "max_new_tokens": 1500
      },
      "throughput_tps": 133.72585028750706,
      "speedup": 1.0,
      "ttft_ms": 19.96497707441449,
      "ttft_std": 4.540724154514043,
      "tpot_ms": 7.464870209495227,
      "tpot_std": 0.035424126277164514,
      "total_time_ms": 11217.270291317254,
      "total_tokens_generated": 1500,
      "tokens_per_round": 1.0,
      "acceptance_rate": 0.0,
      "avg_path_length": 0.0,
      "total_rounds": 1500,
      "high_conf_ratio": 0.0,
      "early_stops": 0,
      "deep_expansions": 0,
      "total_adjustments": 0,
      "peak_memory_mb": 6157.67529296875,
      "throughput_std": 0.6826751110756089,
      "acceptance_std": 0.0,
      "path_length_std": 0.0
    },
    {
      "method": "Linear Spec (K=5)",
      "config": {
        "max_new_tokens": 1500,
        "K": 5
      },
      "throughput_tps": 154.1007689628419,
      "speedup": 1.15236335107632,
      "ttft_ms": 10.520218219608068,
      "ttft_std": 1.9253198103936624,
      "tpot_ms": 6.709837486843268,
      "tpot_std": 1.4182111197065606,
      "total_time_ms": 0.0,
      "total_tokens_generated": 1500,
      "tokens_per_round": 4.5592705167173255,
      "acceptance_rate": 0.9254223143374996,
      "avg_path_length": 4.627111571687498,
      "total_rounds": 329,
      "high_conf_ratio": 0.0,
      "early_stops": 0,
      "deep_expansions": 0,
      "total_adjustments": 0,
      "peak_memory_mb": 6360.5322265625,
      "throughput_std": 25.370968788372053,
      "acceptance_std": 0.11310201727273851,
      "path_length_std": 0.5655100863636925
    },
    {
      "method": "Tree Spec Decode (D=5, B=2)",
      "config": {
        "max_new_tokens": 1500,
        "tree_depth": 5,
        "branch_factor": 2,
        "max_tree_nodes": 256
      },
      "throughput_tps": 183.73331821481491,
      "speedup": 1.3739551314857459,
      "ttft_ms": 10.379620641469955,
      "ttft_std": 0.4365177036305038,
      "tpot_ms": 5.535861058843632,
      "tpot_std": 0.7466980921338451,
      "total_time_ms": 0.0,
      "total_tokens_generated": 1500,
      "tokens_per_round": 5.747126436781609,
      "acceptance_rate": 0.8289835356541534,
      "avg_path_length": 5.802884749579073,
      "total_rounds": 261,
      "high_conf_ratio": 0.0,
      "early_stops": 0,
      "deep_expansions": 0,
      "total_adjustments": 0,
      "peak_memory_mb": 6358.2861328125,
      "throughput_std": 24.773379800132748,
      "acceptance_std": 0.08879160295531487,
      "path_length_std": 0.6215412206872042
    },
    {
      "method": "Adaptive Tree (Phase 3)",
      "config": {
        "max_new_tokens": 1500,
        "base_depth": 5,
        "max_depth": 9,
        "high_conf_threshold": 0.9,
        "low_conf_threshold": 0.4,
        "min_branch": 1,
        "max_branch": 3
      },
      "throughput_tps": 192.12045562315362,
      "speedup": 1.436674025329431,
      "ttft_ms": 9.885021951049566,
      "ttft_std": 0.6056105676450227,
      "tpot_ms": 5.375487646957238,
      "tpot_std": 1.0250161479373094,
      "total_time_ms": 0.0,
      "total_tokens_generated": 1500,
      "tokens_per_round": 6.172839506172839,
      "acceptance_rate": 0.9221376903197391,
      "avg_path_length": 6.454963832238174,
      "total_rounds": 243,
      "high_conf_ratio": 0.7663990490977799,
      "early_stops": 550,
      "deep_expansions": 230,
      "total_adjustments": 8,
      "peak_memory_mb": 6359.38037109375,
      "throughput_std": 34.243302760862704,
      "acceptance_std": 0.20296040302664126,
      "path_length_std": 1.4207228211864886
    }
  ],
  "timestamp": "2026-01-05T08:57:30.421758"
}