method,throughput_tps,throughput_std,speedup,ttft_ms,ttft_std,tpot_ms,tpot_std,acceptance_rate,acceptance_std,avg_path_length,path_length_std,total_rounds,tokens_per_round,peak_memory_mb
Baseline (AR),135.00427050205587,0.33262577536539883,1.0,19.070936739444733,5.6438891690371245,7.388147198688239,0.01693795550846591,0.0,0.0,0.0,0.0,1000,1.0,6001.56689453125
"Tree Spec Decode (D=5, B=2)",176.54685229316584,23.79549332792728,1.3077130940867336,11.037678644061089,4.865561674896794,5.755415192153305,0.7645273068553669,0.7890498940709004,0.09269027554575753,5.523349258496302,0.6488319288203027,183,5.46448087431694,6151.23828125
Adaptive Tree (Phase 3),179.52019620718517,35.58975852321045,1.329737167125031,9.007392078638077,0.7019991745507267,5.7717549908906225,1.110783294959449,0.8138387499401848,0.21087155659596662,5.696871249581294,1.4761008961717665,185,5.405405405405405,6148.37353515625
