method,throughput_tps,throughput_std,speedup,ttft_ms,ttft_std,tpot_ms,tpot_std,acceptance_rate,acceptance_std,avg_path_length,path_length_std,total_rounds,tokens_per_round,peak_memory_mb
Baseline (AR),133.72585028750706,0.6826751110756089,1.0,19.96497707441449,4.540724154514043,7.464870209495227,0.035424126277164514,0.0,0.0,0.0,0.0,1500,1.0,6157.67529296875
Linear Spec (K=5),154.1007689628419,25.370968788372053,1.15236335107632,10.520218219608068,1.9253198103936624,6.709837486843268,1.4182111197065606,0.9254223143374996,0.11310201727273851,4.627111571687498,0.5655100863636925,329,4.5592705167173255,6360.5322265625
"Tree Spec Decode (D=5, B=2)",183.73331821481491,24.773379800132748,1.3739551314857459,10.379620641469955,0.4365177036305038,5.535861058843632,0.7466980921338451,0.8289835356541534,0.08879160295531487,5.802884749579073,0.6215412206872042,261,5.747126436781609,6358.2861328125
Adaptive Tree (Phase 3),192.12045562315362,34.243302760862704,1.436674025329431,9.885021951049566,0.6056105676450227,5.375487646957238,1.0250161479373094,0.9221376903197391,0.20296040302664126,6.454963832238174,1.4207228211864886,243,6.172839506172839,6359.38037109375
