{
  "config": {
    "target_model": "/mnt/disk1/models/pythia-2.8b",
    "draft_model": "/mnt/disk1/models/pythia-70m",
    "max_new_tokens": 500,
    "num_samples": 10,
    "max_prompt_length": 800,
    "timestamp": "2026-01-03T16:26:52.966443"
  },
  "baseline_throughput": 120.48979583325817,
  "results": [
    {
      "method": "Linear (K=6)",
      "avg_tokens_per_iter": 5.138543771449202,
      "acceptance_rate": 85.64239619082004,
      "avg_path_length": 5.138543771449202,
      "throughput": 159.63144816183643,
      "speedup": 1.3248544995689517,
      "total_rounds": 101,
      "total_tokens": 500
    },
    {
      "method": "HF Assisted",
      "avg_tokens_per_iter": 3.012048192771084,
      "acceptance_rate": -1,
      "avg_path_length": -1,
      "throughput": 197.42416533620482,
      "speedup": 1.6385135684802186,
      "total_rounds": -1,
      "total_tokens": 500
    },
    {
      "method": "DynaTree (D=8,B=3)",
      "avg_tokens_per_iter": 5.749017404856199,
      "acceptance_rate": 63.87797116506887,
      "avg_path_length": 5.749017404856199,
      "throughput": 135.22799091681128,
      "speedup": 1.122319031098275,
      "total_rounds": 90,
      "total_tokens": 500
    }
  ]
}